{
"name": "",
"children":[
 {
 "consensus" : "aMCCCaawhCmGsammttrgaCAGCgcC",
 "branch" : 32,
 "id" : "cluster_1_node_32",
 "size" : 28,
 "name" : "cluster1_node_32_33motifs",
 "image" : "Unknown_motifs_aligned_logos/cluster1_node_32_33motifs_logo.png",
 "image_rc" : "Unknown_motifs_aligned_logos/cluster1_node_32_33motifs_logo_rc.png",

 "children": [
 {
 "consensus" : "aMCCCAAwyCAGCACCayGGACAGCgcC",
 "branch" : 31,
 "id" : "cluster_1_node_31",
 "size" : 28,
 "name" : "cluster1_node_31_13motifs",
 "image" : "Unknown_motifs_aligned_logos/cluster1_node_31_13motifs_logo.png",
 "image_rc" : "Unknown_motifs_aligned_logos/cluster1_node_31_13motifs_logo_rc.png",

 "children": [
 {
 "consensus" : "tTCAGCACCayGGACAGCgcC",
 "branch" : 24,
 "id" : "cluster_1_node_24",
 "size" : 28,
 "name" : "cluster1_node_24_10motifs",
 "image" : "Unknown_motifs_aligned_logos/cluster1_node_24_10motifs_logo.png",
 "image_rc" : "Unknown_motifs_aligned_logos/cluster1_node_24_10motifs_logo_rc.png",

 "children": [
 {
 "consensus" : "tTCAGCACCayGGACAGCgcC",
 "branch" : 23,
 "id" : "cluster_1_node_23",
 "size" : 28,
 "name" : "cluster1_node_23_9motifs",
 "image" : "Unknown_motifs_aligned_logos/cluster1_node_23_9motifs_logo.png",
 "image_rc" : "Unknown_motifs_aligned_logos/cluster1_node_23_9motifs_logo_rc.png",

 "children": [
 {
 "consensus" : "TCAGCACCayGGACAGCk",
 "branch" : 18,
 "id" : "cluster_1_node_18",
 "size" : 28,
 "name" : "cluster1_node_18_6motifs",
 "image" : "Unknown_motifs_aligned_logos/cluster1_node_18_6motifs_logo.png",
 "image_rc" : "Unknown_motifs_aligned_logos/cluster1_node_18_6motifs_logo_rc.png",

 "children": [
 {
 "consensus" : "AGCACCayGGACAGCk",
 "branch" : 11,
 "id" : "cluster_1_node_11",
 "size" : 28,
 "name" : "cluster1_node_11_2motifs",
 "image" : "Unknown_motifs_aligned_logos/cluster1_node_11_2motifs_logo.png",
 "image_rc" : "Unknown_motifs_aligned_logos/cluster1_node_11_2motifs_logo_rc.png",

 "children": [
 {
 "label": "Unkown_motifs_m24", 

 "image" : "Unknown_motifs_aligned_logos/Unkown_motifs_m24_logo.png",
 "image_rc" : "Unknown_motifs_aligned_logos/Unkown_motifs_m24_logo_rc.png",
 "url" : "Unknown_motifs_aligned_logos/Unkown_motifs_m24_logo.png",
 "name" : "Unkown_motifs_m24",
 "size" : 28,
 "title" : "Unknown_motifs",
 "consensus_rc" : "GCTGTCCRTGGTGCT"
},
{
 "label": "Unkown_motifs_m25", 

 "image" : "Unknown_motifs_aligned_logos/Unkown_motifs_m25_logo.png",
 "image_rc" : "Unknown_motifs_aligned_logos/Unkown_motifs_m25_logo_rc.png",
 "url" : "Unknown_motifs_aligned_logos/Unkown_motifs_m25_logo.png",
 "name" : "Unkown_motifs_m25",
 "size" : 28,
 "title" : "Unknown_motifs",
 "consensus_rc" : "MGCTGTCCRTGGTGCT"
} 
] 
},
{
 "consensus" : "TCAGCACCayGGACAG",
 "branch" : 16,
 "id" : "cluster_1_node_16",
 "size" : 28,
 "name" : "cluster1_node_16_4motifs",
 "image" : "Unknown_motifs_aligned_logos/cluster1_node_16_4motifs_logo.png",
 "image_rc" : "Unknown_motifs_aligned_logos/cluster1_node_16_4motifs_logo_rc.png",

 "children": [
 {
 "consensus" : "TCAGCACCayGGACAG",
 "branch" : 12,
 "id" : "cluster_1_node_12",
 "size" : 28,
 "name" : "cluster1_node_12_3motifs",
 "image" : "Unknown_motifs_aligned_logos/cluster1_node_12_3motifs_logo.png",
 "image_rc" : "Unknown_motifs_aligned_logos/cluster1_node_12_3motifs_logo_rc.png",

 "children": [
 {
 "consensus" : "TCAGCACCayGGACA",
 "branch" : 2,
 "id" : "cluster_1_node_2",
 "size" : 28,
 "name" : "cluster1_node_2_2motifs",
 "image" : "Unknown_motifs_aligned_logos/cluster1_node_2_2motifs_logo.png",
 "image_rc" : "Unknown_motifs_aligned_logos/cluster1_node_2_2motifs_logo_rc.png",

 "children": [
 {
 "label": "Unkown_motifs_m26", 

 "image" : "Unknown_motifs_aligned_logos/Unkown_motifs_m26_logo.png",
 "image_rc" : "Unknown_motifs_aligned_logos/Unkown_motifs_m26_logo_rc.png",
 "url" : "Unknown_motifs_aligned_logos/Unkown_motifs_m26_logo.png",
 "name" : "Unkown_motifs_m26",
 "size" : 28,
 "title" : "Unknown_motifs",
 "consensus_rc" : "TGTCCRTGGTGCTGA"
},
{
 "label": "Unkown_motifs_m27", 

 "image" : "Unknown_motifs_aligned_logos/Unkown_motifs_m27_logo.png",
 "image_rc" : "Unknown_motifs_aligned_logos/Unkown_motifs_m27_logo_rc.png",
 "url" : "Unknown_motifs_aligned_logos/Unkown_motifs_m27_logo.png",
 "name" : "Unkown_motifs_m27",
 "size" : 28,
 "title" : "Unknown_motifs",
 "consensus_rc" : "TGTCCRTGGTGCTGA"
} 
] 
},
{
 "label": "Unkown_motifs_m28", 

 "image" : "Unknown_motifs_aligned_logos/Unkown_motifs_m28_logo.png",
 "image_rc" : "Unknown_motifs_aligned_logos/Unkown_motifs_m28_logo_rc.png",
 "url" : "Unknown_motifs_aligned_logos/Unkown_motifs_m28_logo.png",
 "name" : "Unkown_motifs_m28",
 "size" : 28,
 "title" : "Unknown_motifs",
 "consensus_rc" : "CTGTCCRTGGTGCTGA"
} 
] 
},
{
 "label": "Unkown_motifs_m33", 

 "image" : "Unknown_motifs_aligned_logos/Unkown_motifs_m33_logo.png",
 "image_rc" : "Unknown_motifs_aligned_logos/Unkown_motifs_m33_logo_rc.png",
 "url" : "Unknown_motifs_aligned_logos/Unkown_motifs_m33_logo.png",
 "name" : "Unkown_motifs_m33",
 "size" : 28,
 "title" : "Unknown_motifs",
 "consensus_rc" : "CTGTCCRTGGTGCTG"
} 
] 
} 
] 
},
{
 "consensus" : "tTCAGCACCayGGACAGcgcC",
 "branch" : 10,
 "id" : "cluster_1_node_10",
 "size" : 28,
 "name" : "cluster1_node_10_3motifs",
 "image" : "Unknown_motifs_aligned_logos/cluster1_node_10_3motifs_logo.png",
 "image_rc" : "Unknown_motifs_aligned_logos/cluster1_node_10_3motifs_logo_rc.png",

 "children": [
 {
 "label": "Unkown_motifs_m22", 

 "image" : "Unknown_motifs_aligned_logos/Unkown_motifs_m22_logo.png",
 "image_rc" : "Unknown_motifs_aligned_logos/Unkown_motifs_m22_logo_rc.png",
 "url" : "Unknown_motifs_aligned_logos/Unkown_motifs_m22_logo.png",
 "name" : "Unkown_motifs_m22",
 "size" : 28,
 "title" : "Unknown_motifs",
 "consensus_rc" : "GSCKCTGTCCGTGGTGCTGAA"
},
{
 "consensus" : "tTCAGCACCayGGACAGckcC",
 "branch" : 3,
 "id" : "cluster_1_node_3",
 "size" : 28,
 "name" : "cluster1_node_3_2motifs",
 "image" : "Unknown_motifs_aligned_logos/cluster1_node_3_2motifs_logo.png",
 "image_rc" : "Unknown_motifs_aligned_logos/cluster1_node_3_2motifs_logo_rc.png",

 "children": [
 {
 "label": "Unkown_motifs_m32", 

 "image" : "Unknown_motifs_aligned_logos/Unkown_motifs_m32_logo.png",
 "image_rc" : "Unknown_motifs_aligned_logos/Unkown_motifs_m32_logo_rc.png",
 "url" : "Unknown_motifs_aligned_logos/Unkown_motifs_m32_logo.png",
 "name" : "Unkown_motifs_m32",
 "size" : 28,
 "title" : "Unknown_motifs",
 "consensus_rc" : "KTCAGCACCAYGGACAGCKCC"
},
{
 "label": "Unkown_motifs_m21", 

 "image" : "Unknown_motifs_aligned_logos/Unkown_motifs_m21_logo.png",
 "image_rc" : "Unknown_motifs_aligned_logos/Unkown_motifs_m21_logo_rc.png",
 "url" : "Unknown_motifs_aligned_logos/Unkown_motifs_m21_logo.png",
 "name" : "Unkown_motifs_m21",
 "size" : 28,
 "title" : "Unknown_motifs",
 "consensus_rc" : "GGMGCTGTCCATGGTGCTGAA"
} 
] 
} 
] 
} 
] 
},
{
 "label": "Unkown_motifs_m23", 

 "image" : "Unknown_motifs_aligned_logos/Unkown_motifs_m23_logo.png",
 "image_rc" : "Unknown_motifs_aligned_logos/Unkown_motifs_m23_logo_rc.png",
 "url" : "Unknown_motifs_aligned_logos/Unkown_motifs_m23_logo.png",
 "name" : "Unkown_motifs_m23",
 "size" : 28,
 "title" : "Unknown_motifs",
 "consensus_rc" : "TCCRTGGTGCTGAA"
} 
] 
},
{
 "consensus" : "aMCCCAAMmCAmCMmCmmmsmy",
 "branch" : 27,
 "id" : "cluster_1_node_27",
 "size" : 28,
 "name" : "cluster1_node_27_3motifs",
 "image" : "Unknown_motifs_aligned_logos/cluster1_node_27_3motifs_logo.png",
 "image_rc" : "Unknown_motifs_aligned_logos/cluster1_node_27_3motifs_logo_rc.png",

 "children": [
 {
 "consensus" : "aMCMCmAMmCAmCMmCmmmsmy",
 "branch" : 14,
 "id" : "cluster_1_node_14",
 "size" : 28,
 "name" : "cluster1_node_14_2motifs",
 "image" : "Unknown_motifs_aligned_logos/cluster1_node_14_2motifs_logo.png",
 "image_rc" : "Unknown_motifs_aligned_logos/cluster1_node_14_2motifs_logo_rc.png",

 "children": [
 {
 "label": "Unkown_motifs_m29", 

 "image" : "Unknown_motifs_aligned_logos/Unkown_motifs_m29_logo.png",
 "image_rc" : "Unknown_motifs_aligned_logos/Unkown_motifs_m29_logo_rc.png",
 "url" : "Unknown_motifs_aligned_logos/Unkown_motifs_m29_logo.png",
 "name" : "Unkown_motifs_m29",
 "size" : 28,
 "title" : "Unknown_motifs",
 "consensus_rc" : "KSKKKGKKGKTGKKTKGKGK"
},
{
 "label": "Unkown_motifs_m31", 

 "image" : "Unknown_motifs_aligned_logos/Unkown_motifs_m31_logo.png",
 "image_rc" : "Unknown_motifs_aligned_logos/Unkown_motifs_m31_logo_rc.png",
 "url" : "Unknown_motifs_aligned_logos/Unkown_motifs_m31_logo.png",
 "name" : "Unkown_motifs_m31",
 "size" : 28,
 "title" : "Unknown_motifs",
 "consensus_rc" : "RKSKKKGKKGKTGKTTKGKGKT"
} 
] 
},
{
 "label": "Unkown_motifs_m30", 

 "image" : "Unknown_motifs_aligned_logos/Unkown_motifs_m30_logo.png",
 "image_rc" : "Unknown_motifs_aligned_logos/Unkown_motifs_m30_logo_rc.png",
 "url" : "Unknown_motifs_aligned_logos/Unkown_motifs_m30_logo.png",
 "name" : "Unkown_motifs_m30",
 "size" : 28,
 "title" : "Unknown_motifs",
 "consensus_rc" : "GKGKKKGKTTGGGK"
} 
] 
} 
] 
},
{
 "consensus" : "khamCcGgwArTtasty",
 "branch" : 30,
 "id" : "cluster_1_node_30",
 "size" : 28,
 "name" : "cluster1_node_30_20motifs",
 "image" : "Unknown_motifs_aligned_logos/cluster1_node_30_20motifs_logo.png",
 "image_rc" : "Unknown_motifs_aligned_logos/cluster1_node_30_20motifs_logo_rc.png",

 "children": [
 {
 "consensus" : "khamCCGGAAGTrrcky",
 "branch" : 29,
 "id" : "cluster_1_node_29",
 "size" : 28,
 "name" : "cluster1_node_29_10motifs",
 "image" : "Unknown_motifs_aligned_logos/cluster1_node_29_10motifs_logo.png",
 "image_rc" : "Unknown_motifs_aligned_logos/cluster1_node_29_10motifs_logo_rc.png",

 "children": [
 {
 "consensus" : "aAmCCGGAAGTr",
 "branch" : 21,
 "id" : "cluster_1_node_21",
 "size" : 28,
 "name" : "cluster1_node_21_8motifs",
 "image" : "Unknown_motifs_aligned_logos/cluster1_node_21_8motifs_logo.png",
 "image_rc" : "Unknown_motifs_aligned_logos/cluster1_node_21_8motifs_logo_rc.png",

 "children": [
 {
 "consensus" : "aACCGGAWrTr",
 "branch" : 19,
 "id" : "cluster_1_node_19",
 "size" : 28,
 "name" : "cluster1_node_19_6motifs",
 "image" : "Unknown_motifs_aligned_logos/cluster1_node_19_6motifs_logo.png",
 "image_rc" : "Unknown_motifs_aligned_logos/cluster1_node_19_6motifs_logo_rc.png",

 "children": [
 {
 "consensus" : "aACCGGAArTr",
 "branch" : 17,
 "id" : "cluster_1_node_17",
 "size" : 28,
 "name" : "cluster1_node_17_5motifs",
 "image" : "Unknown_motifs_aligned_logos/cluster1_node_17_5motifs_logo.png",
 "image_rc" : "Unknown_motifs_aligned_logos/cluster1_node_17_5motifs_logo_rc.png",

 "children": [
 {
 "consensus" : "ACCGGAAGTr",
 "branch" : 8,
 "id" : "cluster_1_node_8",
 "size" : 28,
 "name" : "cluster1_node_8_4motifs",
 "image" : "Unknown_motifs_aligned_logos/cluster1_node_8_4motifs_logo.png",
 "image_rc" : "Unknown_motifs_aligned_logos/cluster1_node_8_4motifs_logo_rc.png",

 "children": [
 {
 "consensus" : "ACCGGAAGTr",
 "branch" : 6,
 "id" : "cluster_1_node_6",
 "size" : 28,
 "name" : "cluster1_node_6_2motifs",
 "image" : "Unknown_motifs_aligned_logos/cluster1_node_6_2motifs_logo.png",
 "image_rc" : "Unknown_motifs_aligned_logos/cluster1_node_6_2motifs_logo_rc.png",

 "children": [
 {
 "label": "Unkown_motifs_m15", 

 "image" : "Unknown_motifs_aligned_logos/Unkown_motifs_m15_logo.png",
 "image_rc" : "Unknown_motifs_aligned_logos/Unkown_motifs_m15_logo_rc.png",
 "url" : "Unknown_motifs_aligned_logos/Unkown_motifs_m15_logo.png",
 "name" : "Unkown_motifs_m15",
 "size" : 28,
 "title" : "Unknown_motifs",
 "consensus_rc" : "CACTTCCGGT"
},
{
 "label": "Unkown_motifs_m12", 

 "image" : "Unknown_motifs_aligned_logos/Unkown_motifs_m12_logo.png",
 "image_rc" : "Unknown_motifs_aligned_logos/Unkown_motifs_m12_logo_rc.png",
 "url" : "Unknown_motifs_aligned_logos/Unkown_motifs_m12_logo.png",
 "name" : "Unkown_motifs_m12",
 "size" : 28,
 "title" : "Unknown_motifs",
 "consensus_rc" : "YAYTTCCGGT"
} 
] 
},
{
 "consensus" : "aCCGGAAGtr",
 "branch" : 5,
 "id" : "cluster_1_node_5",
 "size" : 28,
 "name" : "cluster1_node_5_2motifs",
 "image" : "Unknown_motifs_aligned_logos/cluster1_node_5_2motifs_logo.png",
 "image_rc" : "Unknown_motifs_aligned_logos/cluster1_node_5_2motifs_logo_rc.png",

 "children": [
 {
 "label": "Unkown_motifs_m14", 

 "image" : "Unknown_motifs_aligned_logos/Unkown_motifs_m14_logo.png",
 "image_rc" : "Unknown_motifs_aligned_logos/Unkown_motifs_m14_logo_rc.png",
 "url" : "Unknown_motifs_aligned_logos/Unkown_motifs_m14_logo.png",
 "name" : "Unkown_motifs_m14",
 "size" : 28,
 "title" : "Unknown_motifs",
 "consensus_rc" : "YACTTCCGGT"
},
{
 "label": "Unkown_motifs_m1", 

 "image" : "Unknown_motifs_aligned_logos/Unkown_motifs_m1_logo.png",
 "image_rc" : "Unknown_motifs_aligned_logos/Unkown_motifs_m1_logo_rc.png",
 "url" : "Unknown_motifs_aligned_logos/Unkown_motifs_m1_logo.png",
 "name" : "Unkown_motifs_m1",
 "size" : 28,
 "title" : "Unknown_motifs",
 "consensus_rc" : "YAYWTCCGGT"
} 
] 
} 
] 
},
{
 "label": "Unkown_motifs_m11", 

 "image" : "Unknown_motifs_aligned_logos/Unkown_motifs_m11_logo.png",
 "image_rc" : "Unknown_motifs_aligned_logos/Unkown_motifs_m11_logo_rc.png",
 "url" : "Unknown_motifs_aligned_logos/Unkown_motifs_m11_logo.png",
 "name" : "Unkown_motifs_m11",
 "size" : 28,
 "title" : "Unknown_motifs",
 "consensus_rc" : "YRYTTCCGGTT"
} 
] 
},
{
 "label": "Unkown_motifs_m16", 

 "image" : "Unknown_motifs_aligned_logos/Unkown_motifs_m16_logo.png",
 "image_rc" : "Unknown_motifs_aligned_logos/Unkown_motifs_m16_logo_rc.png",
 "url" : "Unknown_motifs_aligned_logos/Unkown_motifs_m16_logo.png",
 "name" : "Unkown_motifs_m16",
 "size" : 28,
 "title" : "Unknown_motifs",
 "consensus_rc" : "YACATCCGGKT"
} 
] 
},
{
 "consensus" : "aACCCGGAAGTr",
 "branch" : 7,
 "id" : "cluster_1_node_7",
 "size" : 28,
 "name" : "cluster1_node_7_2motifs",
 "image" : "Unknown_motifs_aligned_logos/cluster1_node_7_2motifs_logo.png",
 "image_rc" : "Unknown_motifs_aligned_logos/cluster1_node_7_2motifs_logo_rc.png",

 "children": [
 {
 "label": "Unkown_motifs_m19", 

 "image" : "Unknown_motifs_aligned_logos/Unkown_motifs_m19_logo.png",
 "image_rc" : "Unknown_motifs_aligned_logos/Unkown_motifs_m19_logo_rc.png",
 "url" : "Unknown_motifs_aligned_logos/Unkown_motifs_m19_logo.png",
 "name" : "Unkown_motifs_m19",
 "size" : 28,
 "title" : "Unknown_motifs",
 "consensus_rc" : "TACTTCCGGGTW"
},
{
 "label": "Unkown_motifs_m5", 

 "image" : "Unknown_motifs_aligned_logos/Unkown_motifs_m5_logo.png",
 "image_rc" : "Unknown_motifs_aligned_logos/Unkown_motifs_m5_logo_rc.png",
 "url" : "Unknown_motifs_aligned_logos/Unkown_motifs_m5_logo.png",
 "name" : "Unkown_motifs_m5",
 "size" : 28,
 "title" : "Unknown_motifs",
 "consensus_rc" : "YACTTCCGGGTT"
} 
] 
} 
] 
},
{
 "consensus" : "kyawCAGGAAGTrrcky",
 "branch" : 20,
 "id" : "cluster_1_node_20",
 "size" : 28,
 "name" : "cluster1_node_20_2motifs",
 "image" : "Unknown_motifs_aligned_logos/cluster1_node_20_2motifs_logo.png",
 "image_rc" : "Unknown_motifs_aligned_logos/cluster1_node_20_2motifs_logo_rc.png",

 "children": [
 {
 "label": "Unkown_motifs_m13", 

 "image" : "Unknown_motifs_aligned_logos/Unkown_motifs_m13_logo.png",
 "image_rc" : "Unknown_motifs_aligned_logos/Unkown_motifs_m13_logo_rc.png",
 "url" : "Unknown_motifs_aligned_logos/Unkown_motifs_m13_logo.png",
 "name" : "Unkown_motifs_m13",
 "size" : 28,
 "title" : "Unknown_motifs",
 "consensus_rc" : "ASYYACTTCCTGCYR"
},
{
 "label": "Unkown_motifs_m4", 

 "image" : "Unknown_motifs_aligned_logos/Unkown_motifs_m4_logo.png",
 "image_rc" : "Unknown_motifs_aligned_logos/Unkown_motifs_m4_logo_rc.png",
 "url" : "Unknown_motifs_aligned_logos/Unkown_motifs_m4_logo.png",
 "name" : "Unkown_motifs_m4",
 "size" : 28,
 "title" : "Unknown_motifs",
 "consensus_rc" : "RHGTYACTTCCTGWKSM"
} 
] 
} 
] 
},
{
 "consensus" : "rrcTAATTasc",
 "branch" : 28,
 "id" : "cluster_1_node_28",
 "size" : 28,
 "name" : "cluster1_node_28_10motifs",
 "image" : "Unknown_motifs_aligned_logos/cluster1_node_28_10motifs_logo.png",
 "image_rc" : "Unknown_motifs_aligned_logos/cluster1_node_28_10motifs_logo_rc.png",

 "children": [
 {
 "consensus" : "rrmTAATTasc",
 "branch" : 26,
 "id" : "cluster_1_node_26",
 "size" : 28,
 "name" : "cluster1_node_26_9motifs",
 "image" : "Unknown_motifs_aligned_logos/cluster1_node_26_9motifs_logo.png",
 "image_rc" : "Unknown_motifs_aligned_logos/cluster1_node_26_9motifs_logo_rc.png",

 "children": [
 {
 "consensus" : "ramwaATTavs",
 "branch" : 25,
 "id" : "cluster_1_node_25",
 "size" : 28,
 "name" : "cluster1_node_25_2motifs",
 "image" : "Unknown_motifs_aligned_logos/cluster1_node_25_2motifs_logo.png",
 "image_rc" : "Unknown_motifs_aligned_logos/cluster1_node_25_2motifs_logo_rc.png",

 "children": [
 {
 "label": "Unkown_motifs_m17", 

 "image" : "Unknown_motifs_aligned_logos/Unkown_motifs_m17_logo.png",
 "image_rc" : "Unknown_motifs_aligned_logos/Unkown_motifs_m17_logo_rc.png",
 "url" : "Unknown_motifs_aligned_logos/Unkown_motifs_m17_logo.png",
 "name" : "Unkown_motifs_m17",
 "size" : 28,
 "title" : "Unknown_motifs",
 "consensus_rc" : "WWYYAATTA"
},
{
 "label": "Unkown_motifs_m20", 

 "image" : "Unknown_motifs_aligned_logos/Unkown_motifs_m20_logo.png",
 "image_rc" : "Unknown_motifs_aligned_logos/Unkown_motifs_m20_logo_rc.png",
 "url" : "Unknown_motifs_aligned_logos/Unkown_motifs_m20_logo.png",
 "name" : "Unkown_motifs_m20",
 "size" : 28,
 "title" : "Unknown_motifs",
 "consensus_rc" : "SBTAATTWKTY"
} 
] 
},
{
 "consensus" : "gcTAATTasw",
 "branch" : 22,
 "id" : "cluster_1_node_22",
 "size" : 28,
 "name" : "cluster1_node_22_7motifs",
 "image" : "Unknown_motifs_aligned_logos/cluster1_node_22_7motifs_logo.png",
 "image_rc" : "Unknown_motifs_aligned_logos/cluster1_node_22_7motifs_logo_rc.png",

 "children": [
 {
 "consensus" : "cTAATTrg",
 "branch" : 13,
 "id" : "cluster_1_node_13",
 "size" : 28,
 "name" : "cluster1_node_13_5motifs",
 "image" : "Unknown_motifs_aligned_logos/cluster1_node_13_5motifs_logo.png",
 "image_rc" : "Unknown_motifs_aligned_logos/cluster1_node_13_5motifs_logo_rc.png",

 "children": [
 {
 "consensus" : "ctAATTAr",
 "branch" : 9,
 "id" : "cluster_1_node_9",
 "size" : 28,
 "name" : "cluster1_node_9_3motifs",
 "image" : "Unknown_motifs_aligned_logos/cluster1_node_9_3motifs_logo.png",
 "image_rc" : "Unknown_motifs_aligned_logos/cluster1_node_9_3motifs_logo_rc.png",

 "children": [
 {
 "label": "Unkown_motifs_m18", 

 "image" : "Unknown_motifs_aligned_logos/Unkown_motifs_m18_logo.png",
 "image_rc" : "Unknown_motifs_aligned_logos/Unkown_motifs_m18_logo_rc.png",
 "url" : "Unknown_motifs_aligned_logos/Unkown_motifs_m18_logo.png",
 "name" : "Unkown_motifs_m18",
 "size" : 28,
 "title" : "Unknown_motifs",
 "consensus_rc" : "VTAATTAR"
},
{
 "consensus" : "ctAATTAr",
 "branch" : 4,
 "id" : "cluster_1_node_4",
 "size" : 28,
 "name" : "cluster1_node_4_2motifs",
 "image" : "Unknown_motifs_aligned_logos/cluster1_node_4_2motifs_logo.png",
 "image_rc" : "Unknown_motifs_aligned_logos/cluster1_node_4_2motifs_logo_rc.png",

 "children": [
 {
 "label": "Unkown_motifs_m3", 

 "image" : "Unknown_motifs_aligned_logos/Unkown_motifs_m3_logo.png",
 "image_rc" : "Unknown_motifs_aligned_logos/Unkown_motifs_m3_logo_rc.png",
 "url" : "Unknown_motifs_aligned_logos/Unkown_motifs_m3_logo.png",
 "name" : "Unkown_motifs_m3",
 "size" : 28,
 "title" : "Unknown_motifs",
 "consensus_rc" : "CTAATTAG"
},
{
 "label": "Unkown_motifs_m2", 

 "image" : "Unknown_motifs_aligned_logos/Unkown_motifs_m2_logo.png",
 "image_rc" : "Unknown_motifs_aligned_logos/Unkown_motifs_m2_logo_rc.png",
 "url" : "Unknown_motifs_aligned_logos/Unkown_motifs_m2_logo.png",
 "name" : "Unkown_motifs_m2",
 "size" : 28,
 "title" : "Unknown_motifs",
 "consensus_rc" : "YTAATTAG"
} 
] 
} 
] 
},
{
 "consensus" : "kTAATTrs",
 "branch" : 1,
 "id" : "cluster_1_node_1",
 "size" : 28,
 "name" : "cluster1_node_1_2motifs",
 "image" : "Unknown_motifs_aligned_logos/cluster1_node_1_2motifs_logo.png",
 "image_rc" : "Unknown_motifs_aligned_logos/cluster1_node_1_2motifs_logo_rc.png",

 "children": [
 {
 "label": "Unkown_motifs_m7", 

 "image" : "Unknown_motifs_aligned_logos/Unkown_motifs_m7_logo.png",
 "image_rc" : "Unknown_motifs_aligned_logos/Unkown_motifs_m7_logo_rc.png",
 "url" : "Unknown_motifs_aligned_logos/Unkown_motifs_m7_logo.png",
 "name" : "Unkown_motifs_m7",
 "size" : 28,
 "title" : "Unknown_motifs",
 "consensus_rc" : "SYAATTAM"
},
{
 "label": "Unkown_motifs_m9", 

 "image" : "Unknown_motifs_aligned_logos/Unkown_motifs_m9_logo.png",
 "image_rc" : "Unknown_motifs_aligned_logos/Unkown_motifs_m9_logo_rc.png",
 "url" : "Unknown_motifs_aligned_logos/Unkown_motifs_m9_logo.png",
 "name" : "Unkown_motifs_m9",
 "size" : 28,
 "title" : "Unknown_motifs",
 "consensus_rc" : "SYAATTAM"
} 
] 
} 
] 
},
{
 "consensus" : "gmTAATTAsw",
 "branch" : 15,
 "id" : "cluster_1_node_15",
 "size" : 28,
 "name" : "cluster1_node_15_2motifs",
 "image" : "Unknown_motifs_aligned_logos/cluster1_node_15_2motifs_logo.png",
 "image_rc" : "Unknown_motifs_aligned_logos/cluster1_node_15_2motifs_logo_rc.png",

 "children": [
 {
 "label": "Unkown_motifs_m6", 

 "image" : "Unknown_motifs_aligned_logos/Unkown_motifs_m6_logo.png",
 "image_rc" : "Unknown_motifs_aligned_logos/Unkown_motifs_m6_logo_rc.png",
 "url" : "Unknown_motifs_aligned_logos/Unkown_motifs_m6_logo.png",
 "name" : "Unkown_motifs_m6",
 "size" : 28,
 "title" : "Unknown_motifs",
 "consensus_rc" : "RSTAATTAMC"
},
{
 "label": "Unkown_motifs_m10", 

 "image" : "Unknown_motifs_aligned_logos/Unkown_motifs_m10_logo.png",
 "image_rc" : "Unknown_motifs_aligned_logos/Unkown_motifs_m10_logo_rc.png",
 "url" : "Unknown_motifs_aligned_logos/Unkown_motifs_m10_logo.png",
 "name" : "Unkown_motifs_m10",
 "size" : 28,
 "title" : "Unknown_motifs",
 "consensus_rc" : "GMTAATTRSW"
} 
] 
} 
] 
} 
] 
},
{
 "label": "Unkown_motifs_m8", 

 "image" : "Unknown_motifs_aligned_logos/Unkown_motifs_m8_logo.png",
 "image_rc" : "Unknown_motifs_aligned_logos/Unkown_motifs_m8_logo_rc.png",
 "url" : "Unknown_motifs_aligned_logos/Unkown_motifs_m8_logo.png",
 "name" : "Unkown_motifs_m8",
 "size" : 28,
 "title" : "Unknown_motifs",
 "consensus_rc" : "YATTARS"
} 
] 
} 
] 
} 
] 
} 
]}
